date,known_from,type,note
2008-02-29,2008-02-01,budget,Union Budget FY09
2009-02-16,2009-02-01,budget,Interim Budget FY10
2009-05-16,2009-03-02,election,Lok Sabha results (Saturday; market reacts 18 May)
2009-07-06,2009-06-15,budget,Union Budget FY10
2010-02-26,2010-02-01,budget,Union Budget FY11
2011-02-28,2011-02-01,budget,Union Budget FY12
2012-03-16,2012-02-20,budget,Union Budget FY13
2013-02-28,2013-02-01,budget,Union Budget FY14
2014-02-17,2014-02-01,budget,Interim Budget FY15
2014-05-16,2014-03-05,election,Lok Sabha results
2014-07-10,2014-06-20,budget,Union Budget FY15
2015-02-28,2015-02-01,budget,Union Budget FY16 (Saturday special session)
2016-02-29,2016-02-01,budget,Union Budget FY17
2017-02-01,2016-10-01,budget,Union Budget FY18 (first 1-Feb budget)
2018-02-01,2017-11-01,budget,Union Budget FY19
2019-02-01,2018-11-01,budget,Interim Budget FY20
2019-05-23,2019-03-10,election,Lok Sabha results
2019-07-05,2019-06-10,budget,Union Budget FY20
2020-02-01,2019-11-01,budget,Union Budget FY21 (Saturday special session)
2021-02-01,2020-11-01,budget,Union Budget FY22
2022-02-01,2021-11-01,budget,Union Budget FY23
2023-02-01,2022-11-01,budget,Union Budget FY24
2024-02-01,2023-11-01,budget,Interim Budget FY25
2024-06-04,2024-03-16,election,Lok Sabha results
2024-07-23,2024-07-08,budget,Union Budget FY25
2025-02-01,2024-11-01,budget,Union Budget FY26 (Saturday special session)
2026-02-01,2025-11-01,budget,Union Budget FY27 (Sunday special session)
